{"cachedId":{"herobrine_zombie:righthand":47,"herobrine_zombie:rightleg":42,"herobrine_zombie:leftfoot":48,"herobrine_zombie:lefthand":49,"herobrine_zombie:leftleg":44,"herobrine_bits:fishingrod":32,"herobrine_zombie:head":41,"herobrine_zombie_bits:beef":55,"herobrine_alex:leftleg":15,"herobrine_bits:sword":30,"herobrine_bits:beef":35,"herobrine_zombie_bits:crossbow_loaded":56,"herobrine_bits:pickaxe":33,"herobrine:lefthand":10,"herobrine:leftfoot":9,"herobrine:head":2,"herobrine_zombie_bits:pickaxe":53,"herobrine_alex_bits:axe":28,"herobrine:leftarm":6,"herobrine:rightleg":3,"herobrine_alex:rightarm":14,"herobrine_zombie_bits:shield":51,"herobrine_bobber:bobber":38,"herobrine_alex:body":11,"herobrine:rightfoot":7,"herobrine:righthand":8,"herobrine_alex_bits:sword":21,"herobrine_alex_bits:crossbow_loaded":27,"herobrine_steve:head":39,"herobrine:rightarm":4,"herobrine_alex_bits:crossbow_unloaded":25,"herobrine_alex:rightfoot":17,"herobrine_bits:axe":37,"herobrine_alex_bits:pickaxe":24,"herobrine_bits:crossbow_unloaded":34,"herobrine_alex:righthand":18,"herobrine_alex_bits:beef":26,"herobrine_alex_bits:shield":22,"herobrine_zombie:body":40,"herobrine_bits:shield":31,"herobrine_alex:leftarm":16,"herobrine_alex_bits:fishingrod":23,"herobrine:leftleg":5,"herobrine_alex:rightleg":13,"herobrine_alex:leftfoot":19,"herobrine_zombie_bits:crossbow_unloaded":54,"herobrine:body":1,"herobrine_zombie_bits:fishingrod":52,"herobrine_zombie_bits:sword":50,"herobrine_zombie:rightarm":43,"herobrine_zombie_bits:axe":57,"herobrine_axe:axe":29,"herobrine_alex:head":12,"herobrine_alex:lefthand":20,"herobrine_zombie:rightfoot":46,"herobrine_bits:crossbow_loaded":36,"herobrine_zombie:leftarm":45},"unused":[],"nextId":58}