{"textures":{"1":"modelengine:entity/herobrine_alex"},"elements":[{"from":[6.01,2.0,4.0],"to":[9.51,8.0,7.5],"faces":{"east":{"uv":[4.0,6.5,5.0,8.0],"tintindex":0,"rotation":0,"texture":"#1"},"south":{"uv":[5.0,6.5,6.0,8.0],"tintindex":0,"rotation":0,"texture":"#1"},"north":{"uv":[3.0,6.5,4.0,8.0],"tintindex":0,"rotation":0,"texture":"#1"},"west":{"uv":[6.0,6.5,7.0,8.0],"tintindex":0,"rotation":0,"texture":"#1"},"up":{"uv":[9.0,5.5,8.0,4.5],"tintindex":0,"rotation":0,"texture":"#1"},"down":{"uv":[6.0,8.0,5.0,9.0],"tintindex":0,"rotation":0,"texture":"#1"}}}],"display":{"gui":{"rotation":[30,225,0]}}}