{"textures":{"1":"modelengine:entity/herobrine_alex"},"elements":[{"from":[5.99,2.0,8.0],"to":[9.49,8.0,11.5],"faces":{"east":{"uv":[7.0,6.5,8.0,8.0],"tintindex":0,"rotation":0,"texture":"#1"},"south":{"uv":[8.0,0.0,9.0,1.5],"tintindex":0,"rotation":0,"texture":"#1"},"north":{"uv":[7.0,5.0,8.0,6.5],"tintindex":0,"rotation":0,"texture":"#1"},"west":{"uv":[8.0,1.5,9.0,3.0],"tintindex":0,"rotation":0,"texture":"#1"},"up":{"uv":[9.0,7.5,8.0,6.5],"tintindex":0,"rotation":0,"texture":"#1"},"down":{"uv":[8.0,8.0,7.0,9.0],"tintindex":0,"rotation":0,"texture":"#1"}}}],"display":{"gui":{"rotation":[30,225,0]}}}