{"textures":{"1":"modelengine:entity/herobrine_alex"},"elements":[{"from":[5.9,1.9999995,6.0],"to":[9.4,8.0,9.5],"faces":{"east":{"uv":[5.0,8.0,4.0,9.5],"tintindex":0,"rotation":0,"texture":"#1"},"south":{"uv":[9.0,3.0,8.0,4.5],"tintindex":0,"rotation":0,"texture":"#1"},"north":{"uv":[3.0,8.0,2.0,9.5],"tintindex":0,"rotation":0,"texture":"#1"},"west":{"uv":[4.0,8.0,3.0,9.5],"tintindex":0,"rotation":0,"texture":"#1"},"up":{"uv":[8.0,8.5,9.0,7.5],"tintindex":0,"rotation":0,"texture":"#1"},"down":{"uv":[0.0,8.5,1.0,9.5],"tintindex":0,"rotation":0,"texture":"#1"}}}],"display":{"gui":{"rotation":[30,225,0]}}}