{"stats":{"minecraft:used":{"minecraft:wooden_axe":2,"minecraft:crafting_table":1,"alexsmobs:animal_dictionary":2},"minecraft:mined":{"minecraft:spruce_leaves":1,"minecraft:spruce_log":6,"minecraft:powder_snow":8,"minecraft:crafting_table":1},"minecraft:crafted":{"minecraft:crafting_table":1,"minecraft:spruce_planks":12,"minecraft:stick":4,"minecraft:wooden_axe":1},"minecraft:custom":{"minecraft:time_since_rest":9918,"minecraft:crouch_one_cm":648,"minecraft:play_time":9918,"minecraft:sprint_one_cm":28309,"minecraft:damage_taken":50,"minecraft:walk_one_cm":9068,"minecraft:sneak_time":461,"minecraft:walk_under_water_one_cm":366,"minecraft:jump":151,"minecraft:leave_game":1,"minecraft:time_since_death":9918,"minecraft:walk_on_water_one_cm":3931,"minecraft:climb_one_cm":205,"minecraft:total_world_time":9918,"minecraft:swim_one_cm":882,"minecraft:interact_with_crafting_table":2,"minecraft:fall_one_cm":4819,"minecraft:fly_one_cm":122069},"minecraft:picked_up":{"minecraft:crafting_table":1,"minecraft:spruce_log":6}},"DataVersion":3465}