{
  "minecraft:recipes/decorations/crafting_table": {
    "criteria": {
      "unlock_right_away": "2024-05-11 23:48:32 +0000"
    },
    "done": true
  },
  "minecraft:adventure/adventuring_time": {
    "criteria": {
      "minecraft:taiga": "2024-05-11 23:49:46 +0000",
      "minecraft:forest": "2024-05-11 23:50:00 +0000",
      "minecraft:old_growth_spruce_taiga": "2024-05-11 23:48:33 +0000",
      "minecraft:deep_dark": "2024-05-11 23:50:04 +0000"
    },
    "done": false
  },
  "DataVersion": 3465
}